timestep,elapsed,episodes,circuit,mean_reward,mean_len,policy_loss,value_loss,entropy,pct_err_gain_db,pct_err_bandwidth
128,2.7,5,Common-Source Amplifier,14.1405,23.4,-0.0247,85.0989,1.0790,44.73,5.55
256,5.4,4,Common-Source Amplifier,17.3867,30.0,-0.0107,79.8186,1.0480,56.78,1.38
384,8.1,4,Common-Source Amplifier,4.3596,30.0,0.0446,410.5348,1.0612,79.85,221.83
512,10.8,4,Common-Source Amplifier,10.2192,29.5,-0.0166,113.2296,1.0571,40.81,23.03
640,13.5,6,Common-Source Amplifier,29.8104,21.0,-0.0055,120.7689,1.0697,41.69,0.90
768,16.3,4,Common-Source Amplifier,-19.7237,25.2,0.0224,1064.8947,1.0651,61.54,221.28
896,19.1,5,Common-Source Amplifier,19.7209,25.0,-0.0151,59.8711,1.0610,38.99,2.17
1024,21.8,5,Common-Source Amplifier,13.0377,22.0,-0.0238,89.6169,1.0462,23.94,21.33
1152,24.5,4,Common-Source Amplifier,22.3412,30.0,-0.0311,122.4423,1.0291,105.29,184.30
1280,27.2,5,Common-Source Amplifier,33.0368,21.0,0.0090,98.2616,1.0112,43.40,2.66
1408,30.0,5,Common-Source Amplifier,9.8097,24.8,-0.0145,109.2359,1.0329,61.52,11.58
1536,32.7,5,Common-Source Amplifier,-5.2810,20.4,-0.0273,528.6667,1.0168,42.45,190.74
1664,35.3,4,Common-Source Amplifier,49.0131,27.8,-0.0116,135.9314,0.9730,52.21,8.64
1792,38.0,4,Common-Source Amplifier,41.2493,30.0,-0.0298,86.8857,0.9877,64.61,11.90
1920,40.8,6,Common-Source Amplifier,20.3640,18.8,0.0133,131.2873,0.9981,29.21,47.93
2048,43.6,4,Common-Source Amplifier,28.0892,30.0,-0.0259,61.4363,1.0022,60.62,9.03
2176,46.3,5,Common-Source Amplifier,23.0717,25.4,0.0011,107.1865,0.9665,34.16,14.16
2304,49.1,5,Common-Source Amplifier,23.0723,20.2,-0.0149,89.4454,0.9540,29.85,0.48
2432,51.8,4,Common-Source Amplifier,38.4825,30.0,-0.0071,97.6637,0.9665,51.03,12.02
2560,54.6,5,Common-Source Amplifier,40.3045,23.0,-0.0099,109.2737,0.9450,28.99,14.86
2688,57.4,5,Common-Source Amplifier,34.4433,25.4,-0.0076,84.6523,0.9569,47.92,3.46
2816,60.1,4,Common-Source Amplifier,20.7699,24.8,-0.0176,121.6662,0.9019,37.73,6.25
2944,62.8,5,Common-Source Amplifier,29.3893,24.8,-0.0156,58.3212,0.9305,37.73,10.43
3072,65.6,4,Common-Source Amplifier,53.9267,30.0,0.0142,88.0256,0.9459,48.93,5.39
3200,68.3,4,Common-Source Amplifier,21.5954,30.0,0.0483,115.5532,0.9611,45.49,18.17
3328,71.1,4,Common-Source Amplifier,45.6314,30.0,0.0044,91.8251,0.9414,44.30,22.88
3456,73.9,6,Common-Source Amplifier,36.8046,19.0,-0.0059,118.7685,0.9592,24.76,7.03
3584,76.7,5,Common-Source Amplifier,32.3804,21.2,0.0049,181.1991,0.9656,28.96,16.66
3712,79.4,4,Common-Source Amplifier,45.0572,25.8,0.0179,105.6953,0.9598,41.53,0.66
3840,82.3,4,Common-Source Amplifier,41.7017,30.0,-0.0186,106.3546,0.9328,23.52,22.35
3968,85.1,5,Common-Source Amplifier,45.0164,24.8,-0.0111,87.4703,0.9140,25.10,8.38
4096,87.9,5,Common-Source Amplifier,41.2143,24.8,-0.0142,76.3126,0.9146,42.59,17.56
4224,90.7,5,Common-Source Amplifier,27.9994,20.0,-0.0109,177.3125,0.9062,25.95,16.59
4352,93.4,4,Common-Source Amplifier,49.2541,30.0,-0.0148,68.3316,0.9079,46.14,0.53
4480,96.2,5,Common-Source Amplifier,33.9399,20.4,-0.0212,135.8730,0.8828,28.21,8.50
4608,99.0,5,Common-Source Amplifier,50.2096,25.0,-0.0016,109.2104,0.8733,32.16,3.88
4736,101.8,4,Common-Source Amplifier,43.5480,30.0,-0.0143,105.9034,0.8691,38.90,12.89
4864,104.5,4,Common-Source Amplifier,39.9435,27.5,-0.0216,75.8293,0.8213,21.62,11.04
4992,107.2,4,Common-Source Amplifier,40.6539,27.0,-0.0310,61.7292,0.7603,26.76,18.64
5120,110.0,5,Common-Source Amplifier,28.9324,24.8,0.0355,139.5135,0.7745,34.32,13.90
5248,112.9,6,Common-Source Amplifier,30.4432,21.3,-0.0114,128.7043,0.7670,21.40,1.83
5376,115.7,4,Common-Source Amplifier,57.0142,29.8,0.0459,82.5562,0.7638,26.56,8.19
5504,118.4,4,Common-Source Amplifier,51.9910,30.0,-0.0095,78.2962,0.7388,27.80,14.27
5632,121.2,4,Common-Source Amplifier,40.2494,30.0,-0.0039,113.1965,0.7586,26.92,5.49
5760,124.1,4,Common-Source Amplifier,54.0416,30.0,-0.0263,72.7563,0.7623,19.63,26.05
5888,127.0,5,Common-Source Amplifier,35.0415,24.8,-0.0067,104.4139,0.7742,21.35,18.86
6016,130.1,5,Common-Source Amplifier,37.4451,25.0,-0.0193,95.6763,0.7723,26.68,3.92
6144,133.2,5,Common-Source Amplifier,50.9456,25.0,0.0070,70.8885,0.8100,13.28,11.40
6272,136.1,5,Common-Source Amplifier,40.8597,25.2,-0.0162,102.4500,0.8134,22.02,10.34
6400,139.0,4,Common-Source Amplifier,52.1568,30.0,-0.0144,59.3358,0.8216,24.42,11.39
6528,141.1,4,Common-Source Amplifier,35.3670,30.0,-0.0126,83.3406,0.8114,43.17,15.74
6656,143.1,5,Common-Source Amplifier,26.9805,24.0,-0.0021,83.9556,0.7919,18.76,23.01
6784,145.0,4,Common-Source Amplifier,37.4192,28.8,-0.0231,87.7226,0.7718,35.56,0.02
6912,146.9,5,Common-Source Amplifier,32.9517,24.8,-0.0294,86.9396,0.7924,33.37,11.45
7040,148.7,4,Common-Source Amplifier,19.6910,30.0,-0.0159,76.0505,0.7829,26.45,27.48
7168,150.5,4,Common-Source Amplifier,33.4255,30.0,0.0012,60.3578,0.7419,31.46,1.87
7296,152.4,4,Common-Source Amplifier,31.9390,25.0,-0.0111,93.8015,0.7226,28.26,8.00
7424,154.3,4,Common-Source Amplifier,51.2459,27.8,0.0008,83.2615,0.7119,33.85,9.67
7552,156.3,5,Common-Source Amplifier,44.3234,25.0,-0.0148,87.5827,0.7183,25.73,0.70
7680,158.2,5,Common-Source Amplifier,28.4009,24.8,-0.0100,75.4667,0.7222,24.65,5.65
7808,160.0,5,Common-Source Amplifier,26.6432,25.2,-0.0003,119.1838,0.7551,23.89,25.17
7936,161.9,4,Common-Source Amplifier,46.4179,25.0,0.0052,105.8366,0.7424,9.49,17.83
8064,163.8,5,Common-Source Amplifier,34.4441,25.0,-0.0138,83.2170,0.7338,31.49,8.13
8192,165.7,4,Common-Source Amplifier,39.5554,30.0,-0.0227,80.1792,0.7084,41.57,9.78
8320,167.5,5,Common-Source Amplifier,43.6561,25.4,-0.0160,113.9961,0.6961,35.58,14.91
8448,169.4,5,Common-Source Amplifier,39.0179,25.6,0.0049,93.5245,0.7064,40.82,5.27
8576,171.2,4,Common-Source Amplifier,21.8435,30.0,0.0015,106.2042,0.7334,35.43,28.30
8704,173.1,4,Common-Source Amplifier,48.2392,30.0,-0.0025,63.9730,0.7009,48.35,14.06
8832,175.0,4,Common-Source Amplifier,44.9489,30.0,-0.0171,56.8358,0.7562,63.24,1.22
8960,176.8,4,Common-Source Amplifier,45.6545,30.0,-0.0221,89.5024,0.7367,75.81,5.87
9088,178.7,4,Common-Source Amplifier,53.2995,30.0,-0.0038,80.1189,0.7182,46.28,8.22
9216,180.6,4,Common-Source Amplifier,39.5667,30.0,-0.0003,156.3093,0.7177,63.52,18.21
9344,182.5,4,Common-Source Amplifier,40.2794,30.0,-0.0063,50.2313,0.6978,51.01,8.69
9472,184.4,4,Common-Source Amplifier,49.3230,30.0,0.0020,80.8512,0.7062,64.63,16.14
9600,186.3,5,Common-Source Amplifier,41.1095,25.0,-0.0142,69.0638,0.7279,60.94,9.57
9728,188.2,4,Common-Source Amplifier,40.2164,30.0,-0.0147,68.7385,0.6964,46.77,10.86
9856,190.1,4,Common-Source Amplifier,56.6608,30.0,-0.0246,74.9318,0.6409,51.65,4.62
9984,191.9,4,Common-Source Amplifier,57.4581,30.0,0.0114,77.1272,0.6366,60.38,2.20
10112,193.8,4,Common-Source Amplifier,58.5490,30.0,-0.0101,90.0126,0.6370,42.01,5.29
10240,195.8,5,Common-Source Amplifier,52.1782,24.8,-0.0253,122.8223,0.6501,40.30,5.43
10368,197.7,5,Common-Source Amplifier,42.9841,24.8,-0.0166,92.9703,0.6460,34.56,0.14
10496,199.5,4,Common-Source Amplifier,59.7287,30.0,-0.0274,53.9268,0.6432,49.73,0.11
10624,201.4,5,Common-Source Amplifier,38.2804,21.6,-0.0117,195.5025,0.6336,27.01,9.06
10752,203.4,4,Common-Source Amplifier,55.7421,30.0,-0.0103,86.7720,0.5958,36.44,8.83
10880,205.3,4,Common-Source Amplifier,50.3523,26.2,-0.0242,130.2666,0.5595,27.55,2.04
11008,207.2,4,Common-Source Amplifier,43.8176,26.5,-0.0063,85.1749,0.5440,33.52,10.70
11136,209.1,4,Common-Source Amplifier,50.0761,30.0,-0.0065,111.5595,0.4985,25.93,17.36
11264,211.0,4,Common-Source Amplifier,51.0188,26.5,-0.0087,82.8620,0.4994,28.28,10.18
11392,212.9,4,Common-Source Amplifier,24.6202,30.0,0.0259,186.5405,0.5179,38.16,17.53
11520,214.8,4,Common-Source Amplifier,47.6585,30.0,0.0074,63.4716,0.5077,50.85,27.81
11648,216.6,4,Common-Source Amplifier,51.3173,30.0,-0.0223,39.3391,0.4851,40.49,17.73
11776,218.6,4,Common-Source Amplifier,46.3250,27.2,-0.0080,70.0520,0.4272,30.76,2.64
11904,220.5,4,Common-Source Amplifier,49.7579,25.2,-0.0327,91.1318,0.3349,30.13,8.52
12032,222.3,4,Common-Source Amplifier,35.4426,30.0,-0.0109,163.9183,0.3642,19.23,18.44
12160,224.2,4,Common-Source Amplifier,38.6354,30.0,-0.0099,100.4776,0.3797,18.57,18.84
12288,226.1,4,Common-Source Amplifier,44.8577,27.2,-0.0223,92.8583,0.3086,12.62,19.45
12416,227.9,4,Common-Source Amplifier,43.2329,29.2,-0.0025,206.5667,0.2389,14.34,25.65
12544,229.7,4,Common-Source Amplifier,67.1830,30.0,0.0068,212.1336,0.1635,3.23,33.95
12672,231.6,4,Common-Source Amplifier,46.5725,30.0,-0.0206,197.2691,0.2543,9.39,26.61
12800,233.6,4,Common-Source Amplifier,49.8872,30.0,-0.0096,214.6442,0.2376,6.17,34.18
12928,235.4,4,Common-Source Amplifier,67.0352,30.0,0.0069,200.5523,0.1776,6.39,33.26
13056,237.3,4,Common-Source Amplifier,69.0315,30.0,-0.0019,246.5694,0.1941,4.04,34.00
13184,239.2,4,Common-Source Amplifier,61.9131,30.0,-0.0072,268.8905,0.2116,4.55,34.44
13312,241.0,4,Common-Source Amplifier,38.9920,30.0,-0.0065,309.7649,0.2457,8.90,35.99
13440,243.0,4,Common-Source Amplifier,61.0902,30.0,-0.0099,255.7541,0.1793,5.49,39.29
13568,244.8,4,Common-Source Amplifier,67.7880,29.2,-0.0002,218.8090,0.1695,6.23,33.18
13696,246.8,4,Common-Source Amplifier,66.3022,30.0,-0.0053,211.6141,0.2174,4.75,31.51
13824,248.7,4,Common-Source Amplifier,59.6324,30.0,-0.0003,249.4898,0.2333,8.06,32.48
13952,250.5,4,Common-Source Amplifier,61.6614,30.0,-0.0012,221.4127,0.1679,7.92,30.83
14080,252.3,4,Common-Source Amplifier,67.5563,30.0,0.0006,246.4169,0.1328,4.58,33.07
14208,254.3,4,Common-Source Amplifier,60.1686,30.0,-0.0006,290.5871,0.1422,6.49,35.08
14336,256.2,4,Common-Source Amplifier,69.1625,30.0,-0.0001,243.7677,0.1230,4.21,32.44
14464,258.1,4,Common-Source Amplifier,61.2773,30.0,0.0015,267.3591,0.1616,0.28,33.76
14592,260.0,4,Common-Source Amplifier,55.2876,30.0,-0.0040,177.4088,0.1423,6.14,30.52
14720,261.8,4,Common-Source Amplifier,69.3880,30.0,0.0014,187.1388,0.1407,1.23,31.30
14848,263.7,4,Common-Source Amplifier,69.3270,30.0,-0.0003,192.9622,0.1382,1.02,31.23
14976,265.5,4,Common-Source Amplifier,69.0630,30.0,-0.0014,247.7948,0.1169,2.61,34.86
15104,267.5,4,Common-Source Amplifier,52.6817,30.0,0.0014,277.6781,0.1330,7.50,31.67
15232,269.3,4,Common-Source Amplifier,69.0312,30.0,-0.0072,195.7614,0.0967,3.77,31.55
15360,271.2,4,Common-Source Amplifier,68.8983,30.0,-0.0015,248.6196,0.0768,5.46,33.38
15488,273.2,4,Common-Source Amplifier,56.8337,30.0,-0.0006,270.4861,0.0638,7.75,34.36
15616,275.0,4,Common-Source Amplifier,68.8420,30.0,-0.0011,231.8607,0.0596,7.30,33.48
15744,276.9,4,Common-Source Amplifier,68.7774,30.0,-0.0002,243.5332,0.0625,7.30,33.48
15872,278.8,4,Common-Source Amplifier,69.2338,30.0,0.0015,216.4603,0.0852,2.16,33.97
16000,280.7,4,Common-Source Amplifier,69.1000,30.0,0.0000,228.8802,0.0855,5.01,32.49
16128,282.6,4,Common-Source Amplifier,68.9702,30.0,-0.0060,220.7574,0.0810,1.34,34.00
16256,284.4,4,Common-Source Amplifier,69.0775,30.0,-0.0018,207.9727,0.0791,4.05,32.44
16384,286.3,4,Common-Source Amplifier,69.0565,30.0,-0.0027,200.8715,0.0763,2.09,33.17
16512,288.2,4,Common-Source Amplifier,68.7789,30.0,-0.0004,271.1297,0.0650,6.78,34.32
16640,290.1,4,Common-Source Amplifier,68.7331,30.0,0.0003,263.6673,0.0696,6.78,34.32
16768,292.0,4,Common-Source Amplifier,69.0412,30.0,-0.0051,202.4198,0.0742,1.81,34.81
16896,293.8,4,Common-Source Amplifier,68.6545,30.0,-0.0004,274.4507,0.0569,6.29,35.08
17024,295.8,4,Common-Source Amplifier,68.6906,30.0,-0.0010,264.3178,0.0544,7.77,34.29
17152,297.7,4,Common-Source Amplifier,68.7128,30.0,-0.0013,265.4116,0.0438,6.78,34.32
17280,299.6,4,Common-Source Amplifier,68.7473,30.0,-0.0019,251.2697,0.0434,6.34,33.43
17408,301.6,4,Common-Source Amplifier,52.3293,30.0,0.0032,336.8476,0.0540,9.87,32.75
17536,303.4,4,Common-Source Amplifier,68.6411,30.0,-0.0033,266.1770,0.0473,5.84,37.20
17664,305.3,4,Common-Source Amplifier,68.6430,30.0,0.0025,246.7686,0.0417,7.25,35.13
17792,307.3,4,Common-Source Amplifier,68.7652,30.0,-0.0032,224.5918,0.0397,5.82,34.27
17920,309.1,4,Common-Source Amplifier,68.6809,30.0,-0.0020,256.6353,0.0349,7.75,34.37
18048,311.0,4,Common-Source Amplifier,68.6979,30.0,-0.0008,253.5566,0.0297,8.27,33.54
18176,312.9,4,Common-Source Amplifier,68.7586,30.0,-0.0000,248.4628,0.0309,6.78,34.32
18304,314.8,4,Common-Source Amplifier,68.7843,30.0,0.0002,261.7448,0.0323,6.29,35.08
18432,316.7,4,Common-Source Amplifier,68.8909,30.0,-0.0000,215.4558,0.0383,6.34,33.43
18560,318.6,4,Common-Source Amplifier,68.6822,30.0,0.0000,281.3828,0.0364,7.75,34.37
18688,320.5,4,Common-Source Amplifier,68.6613,30.0,-0.0015,282.6448,0.0352,6.76,35.88
18816,322.4,4,Common-Source Amplifier,68.6822,30.0,-0.0006,276.2998,0.0337,7.75,34.37
18944,324.3,4,Common-Source Amplifier,68.7812,30.0,-0.0013,260.0597,0.0339,6.29,35.08
19072,326.1,4,Common-Source Amplifier,68.7789,30.0,-0.0002,255.5931,0.0363,6.78,34.32
19200,328.0,4,Common-Source Amplifier,68.6796,30.0,-0.0006,284.1772,0.0341,7.25,35.13
19328,329.9,4,Common-Source Amplifier,68.8373,30.0,0.0010,230.8740,0.0452,4.62,34.97
19456,331.7,4,Common-Source Amplifier,68.7535,30.0,0.0000,249.7587,0.0390,6.78,34.32
19584,333.6,4,Common-Source Amplifier,64.9373,30.0,-0.0016,263.1417,0.0406,9.23,33.57
19712,335.5,4,Common-Source Amplifier,68.7120,30.0,0.0008,246.0812,0.0345,8.27,33.54
19840,337.4,4,Common-Source Amplifier,68.6626,30.0,0.0001,266.6077,0.0342,7.25,35.13
19968,339.3,4,Common-Source Amplifier,68.7214,30.0,-0.0002,261.8031,0.0339,8.27,33.54
20096,341.1,4,Common-Source Amplifier,51.0245,30.0,0.0018,360.4837,0.0452,8.82,34.42
20224,343.0,4,Common-Source Amplifier,68.7397,30.0,0.0042,223.0804,0.0516,6.29,35.08
20352,344.9,4,Common-Source Amplifier,69.0169,30.0,-0.0005,218.4711,0.0546,4.94,34.21
20480,346.8,4,Common-Source Amplifier,68.8668,30.0,-0.0007,248.7193,0.0555,5.33,35.02
20608,348.7,4,Common-Source Amplifier,68.7116,30.0,-0.0039,255.7753,0.0588,6.85,34.32
20736,350.5,4,Common-Source Amplifier,68.7665,30.0,-0.0065,249.5498,0.0391,4.45,34.97
20864,352.4,4,Common-Source Amplifier,68.9633,30.0,0.0003,224.1696,0.0379,6.34,33.43
20992,354.4,4,Common-Source Amplifier,68.7573,30.0,-0.0002,246.7178,0.0376,5.42,35.02
21120,356.2,4,Common-Source Amplifier,68.7199,30.0,-0.0003,264.0733,0.0360,8.27,33.54
21248,358.2,4,Common-Source Amplifier,68.7229,30.0,0.0002,256.2653,0.0368,6.78,34.32
21376,360.0,4,Common-Source Amplifier,68.6901,30.0,-0.0008,265.4805,0.0350,8.27,33.54
21504,361.8,4,Common-Source Amplifier,68.6885,30.0,0.0003,273.0093,0.0342,7.75,34.37
21632,363.7,4,Common-Source Amplifier,68.7304,30.0,-0.0018,241.6396,0.0339,6.29,35.08
21760,365.6,4,Common-Source Amplifier,68.6705,30.0,-0.0010,257.7457,0.0299,7.25,35.13
21888,367.5,4,Common-Source Amplifier,68.6822,30.0,0.0000,274.2042,0.0279,7.75,34.37
22016,369.4,4,Common-Source Amplifier,68.7687,30.0,-0.0000,251.7854,0.0281,6.78,34.32
22144,371.3,4,Common-Source Amplifier,68.8408,30.0,-0.0005,252.4036,0.0320,7.30,33.48
22272,373.1,4,Common-Source Amplifier,68.7956,30.0,0.0006,250.1269,0.0329,6.81,34.24
22400,375.1,4,Common-Source Amplifier,68.9214,30.0,-0.0020,222.0097,0.0341,4.85,34.21
22528,376.9,4,Common-Source Amplifier,49.7475,30.0,0.0019,410.3448,0.0326,8.33,35.18
22656,378.8,4,Common-Source Amplifier,68.6822,30.0,-0.0000,249.1820,0.0312,7.75,34.37
22784,380.7,4,Common-Source Amplifier,68.7937,30.0,-0.0045,207.3384,0.0286,4.94,34.21
22912,382.5,4,Common-Source Amplifier,68.6822,30.0,-0.0000,265.4289,0.0258,7.75,34.37
23040,384.5,4,Common-Source Amplifier,68.7586,30.0,-0.0001,220.8284,0.0287,6.78,34.32
23168,386.3,4,Common-Source Amplifier,68.6822,30.0,-0.0000,252.6054,0.0267,7.75,34.37
23296,388.3,4,Common-Source Amplifier,68.8016,30.0,-0.0008,234.8137,0.0270,7.30,33.48
23424,390.2,4,Common-Source Amplifier,68.6822,30.0,-0.0000,282.1538,0.0241,7.75,34.37
23552,392.0,4,Common-Source Amplifier,68.8134,30.0,-0.0005,239.0394,0.0303,7.30,33.48
23680,393.9,4,Common-Source Amplifier,68.7535,30.0,-0.0001,237.6501,0.0300,6.78,34.32
23808,395.8,4,Common-Source Amplifier,68.6822,30.0,0.0000,280.2016,0.0278,7.75,34.37
23936,397.7,4,Common-Source Amplifier,68.6822,30.0,0.0000,260.3475,0.0299,7.75,34.37
24064,399.6,4,Common-Source Amplifier,68.8044,30.0,0.0001,233.1290,0.0343,6.78,34.32
24192,401.5,4,Common-Source Amplifier,68.6822,30.0,-0.0000,257.8271,0.0341,7.75,34.37
24320,403.3,4,Common-Source Amplifier,68.7382,30.0,-0.0004,241.0756,0.0325,6.78,34.32
24448,405.2,4,Common-Source Amplifier,68.6822,30.0,0.0000,270.8256,0.0285,7.75,34.37
24576,407.2,4,Common-Source Amplifier,67.4120,30.0,-0.0023,256.0352,0.0335,9.68,34.46
24704,409.1,4,Common-Source Amplifier,68.8383,30.0,-0.0001,205.5975,0.0360,5.91,34.27
24832,410.9,4,Common-Source Amplifier,68.7687,30.0,-0.0021,234.3130,0.0346,6.78,34.32
24960,412.9,4,Common-Source Amplifier,57.1395,30.0,-0.0023,262.4804,0.0683,7.57,31.46
25088,414.7,4,Common-Source Amplifier,68.7120,30.0,-0.0000,248.0429,0.0436,8.27,33.54
25216,416.6,4,Common-Source Amplifier,68.6921,30.0,-0.0012,277.8543,0.0365,6.29,35.08
25344,418.5,4,Common-Source Amplifier,68.7734,30.0,-0.0002,250.6416,0.0306,6.29,35.08
25472,420.4,4,Common-Source Amplifier,68.7528,30.0,-0.0012,259.5478,0.0300,8.27,33.54
25600,422.3,4,Common-Source Amplifier,53.1836,30.0,0.0018,355.5891,0.0465,6.92,34.24
25728,424.2,4,Common-Source Amplifier,68.6822,30.0,0.0000,240.1188,0.0324,7.75,34.37
25856,426.1,4,Common-Source Amplifier,68.6822,30.0,-0.0000,255.3761,0.0294,7.75,34.37
25984,428.0,4,Common-Source Amplifier,68.6822,30.0,-0.0000,266.5650,0.0283,7.75,34.37
26112,429.9,4,Common-Source Amplifier,68.8993,30.0,-0.0018,293.0958,0.0260,5.92,33.40
26240,431.9,4,Common-Source Amplifier,68.7026,30.0,-0.0017,255.5307,0.0280,6.78,34.32
26368,433.7,4,Common-Source Amplifier,68.7167,30.0,0.0000,264.0598,0.0245,8.27,33.54
26496,435.7,4,Common-Source Amplifier,68.6948,30.0,-0.0008,262.6597,0.0297,8.27,33.54
26624,437.7,4,Common-Source Amplifier,68.6757,30.0,-0.0009,271.8736,0.0281,7.25,35.13
26752,439.5,4,Common-Source Amplifier,68.7105,30.0,-0.0001,248.1377,0.0282,8.27,33.54
26880,441.4,4,Common-Source Amplifier,68.9076,30.0,-0.0011,280.9992,0.0304,4.90,34.99
27008,443.3,4,Common-Source Amplifier,61.7225,30.0,-0.0035,259.4041,0.0441,10.20,33.63
27136,445.3,4,Common-Source Amplifier,68.7167,30.0,-0.0019,247.8089,0.0513,7.75,34.37
27264,447.2,4,Common-Source Amplifier,69.0572,30.0,-0.0045,263.6521,0.0433,6.95,31.73
27392,449.1,4,Common-Source Amplifier,68.6514,30.0,-0.0010,265.0275,0.0349,6.76,35.88
27520,451.0,4,Common-Source Amplifier,68.6822,30.0,-0.0000,252.7774,0.0288,7.75,34.37
27648,452.9,4,Common-Source Amplifier,68.6822,30.0,-0.0000,266.0130,0.0277,7.75,34.37
27776,454.8,4,Common-Source Amplifier,68.6822,30.0,0.0001,247.5208,0.0304,7.75,34.37
27904,456.7,4,Common-Source Amplifier,68.6822,30.0,-0.0000,260.4789,0.0313,7.75,34.37
28032,458.6,4,Common-Source Amplifier,68.8940,30.0,-0.0008,233.4410,0.0352,4.95,33.34
28160,460.5,4,Common-Source Amplifier,68.7560,30.0,-0.0030,267.2308,0.0419,8.79,32.70
28288,462.3,4,Common-Source Amplifier,68.6838,30.0,-0.0028,275.2151,0.0324,8.27,33.54
28416,464.2,4,Common-Source Amplifier,68.6822,30.0,-0.0000,256.2262,0.0268,7.75,34.37
28544,466.1,4,Common-Source Amplifier,68.6822,30.0,-0.0005,265.5000,0.0295,7.75,34.37
28672,468.0,4,Common-Source Amplifier,68.6846,30.0,-0.0043,260.4571,0.0275,7.77,34.29
28800,469.9,4,Common-Source Amplifier,64.9545,30.0,-0.0030,276.5793,0.0227,8.82,32.61
28928,471.9,4,Common-Source Amplifier,68.7077,30.0,-0.0017,248.9572,0.0189,6.78,34.32
29056,473.8,4,Common-Source Amplifier,68.7073,30.0,-0.0005,262.4771,0.0207,8.27,33.54
29184,475.7,4,Common-Source Amplifier,68.6979,30.0,-0.0002,262.6507,0.0334,8.27,33.54
29312,477.6,4,Common-Source Amplifier,68.6822,30.0,-0.0011,276.7946,0.0388,7.75,34.37
29440,479.6,4,Common-Source Amplifier,68.6718,30.0,-0.0008,300.8824,0.0288,7.25,35.13
29568,481.4,4,Common-Source Amplifier,68.7356,30.0,-0.0018,231.1455,0.0431,8.79,32.70
29696,483.3,4,Common-Source Amplifier,68.7676,30.0,-0.0010,274.5509,0.0322,5.80,35.83
29824,485.3,4,Common-Source Amplifier,68.6873,30.0,-0.0003,284.1762,0.0262,6.78,34.32
29952,487.1,4,Common-Source Amplifier,68.6692,30.0,-0.0034,276.0587,0.0215,6.76,35.88
30080,489.0,4,Common-Source Amplifier,68.6822,30.0,0.0000,282.6536,0.0144,7.75,34.37
30208,490.9,4,Common-Source Amplifier,68.7262,30.0,-0.0006,258.4782,0.0181,8.27,33.54
30336,492.9,4,Common-Source Amplifier,68.6822,30.0,-0.0000,268.6138,0.0201,7.75,34.37
30464,494.8,4,Common-Source Amplifier,68.8255,30.0,-0.0009,218.8811,0.0251,7.30,33.48
30592,496.7,4,Common-Source Amplifier,59.2227,30.0,0.0010,348.8392,0.0277,8.82,34.42
30720,498.6,4,Common-Source Amplifier,68.6652,30.0,-0.0001,266.6200,0.0277,7.25,35.13
30848,500.5,4,Common-Source Amplifier,68.6822,30.0,0.0000,253.0358,0.0215,7.75,34.37
30976,502.4,4,Common-Source Amplifier,68.6822,30.0,-0.0003,268.3366,0.0207,7.75,34.37
31104,504.2,4,Common-Source Amplifier,68.6822,30.0,-0.0005,258.5710,0.0250,7.75,34.37
31232,506.2,4,Common-Source Amplifier,68.7026,30.0,-0.0001,260.9601,0.0300,8.27,33.54
31360,508.1,4,Common-Source Amplifier,68.6822,30.0,-0.0000,284.0432,0.0330,7.75,34.37
31488,510.0,4,Common-Source Amplifier,68.0921,30.0,-0.0047,245.5474,0.0736,8.27,33.54
31616,511.9,4,Common-Source Amplifier,61.2761,30.0,-0.0175,228.0075,0.1679,9.86,30.94
31744,513.8,4,Common-Source Amplifier,68.4953,30.0,0.0075,400.7768,0.0562,3.46,40.71
31872,515.8,4,Common-Source Amplifier,68.8063,30.0,-0.0002,238.8409,0.0420,7.30,33.48
32000,517.7,4,Common-Source Amplifier,68.9085,30.0,-0.0015,283.4018,0.0415,5.92,33.40
32128,519.6,4,Common-Source Amplifier,63.2443,30.0,-0.0017,338.6684,0.0510,6.98,33.45
32256,521.5,4,Common-Source Amplifier,68.7637,30.0,-0.0015,230.4752,0.0550,7.30,33.48
32384,523.4,4,Common-Source Amplifier,62.3038,30.0,-0.0016,242.3910,0.0817,5.17,30.57
32512,525.3,4,Common-Source Amplifier,69.0712,30.0,-0.0066,243.7691,0.1193,3.11,32.37
32640,527.3,4,Common-Source Amplifier,40.3055,30.0,0.0015,411.2498,0.1186,6.53,35.71
32768,529.2,4,Common-Source Amplifier,55.2683,30.0,-0.0183,226.0241,0.1300,31.87,140.25
32896,531.1,4,Common-Source Amplifier,56.7496,30.0,-0.0121,253.9117,0.1442,9.73,26.96
33024,533.0,4,Common-Source Amplifier,67.5208,30.0,-0.0055,213.2803,0.1376,5.46,34.00
33152,534.9,4,Common-Source Amplifier,59.2953,30.0,-0.0015,256.5735,0.1294,0.60,34.62
33280,536.8,4,Common-Source Amplifier,68.4515,30.0,0.0021,211.5966,0.0547,3.58,33.18
33408,538.7,4,Common-Source Amplifier,68.6822,30.0,-0.0003,269.9505,0.0345,7.75,34.37
33536,540.6,4,Common-Source Amplifier,68.7183,30.0,-0.0004,294.8133,0.0241,8.79,32.70
33664,542.5,4,Common-Source Amplifier,68.7504,30.0,-0.0022,266.9227,0.0220,5.92,33.40
33792,544.4,4,Common-Source Amplifier,68.7058,30.0,-0.0004,268.3762,0.0250,8.27,33.54
33920,546.3,4,Common-Source Amplifier,68.7058,30.0,0.0003,272.3008,0.0378,8.27,33.54
34048,548.2,4,Common-Source Amplifier,68.6665,30.0,0.0010,266.7505,0.0326,6.76,35.88
34176,550.1,4,Common-Source Amplifier,68.7262,30.0,-0.0025,264.6739,0.0316,9.31,31.87
34304,552.1,4,Common-Source Amplifier,63.7459,30.0,-0.0138,258.5477,0.0681,9.34,31.77
34432,554.0,4,Common-Source Amplifier,68.6224,30.0,0.0008,266.4511,0.0584,5.32,36.52
34560,555.9,4,Common-Source Amplifier,68.5728,30.0,0.0070,264.1333,0.0434,5.34,37.96
34688,557.8,4,Common-Source Amplifier,68.6443,30.0,-0.0015,264.2504,0.0495,7.25,35.13
34816,559.7,4,Common-Source Amplifier,68.7000,30.0,-0.0013,275.4892,0.0574,7.77,34.29
34944,561.6,4,Common-Source Amplifier,56.8889,30.0,0.0007,247.6593,0.0953,8.91,32.33
35072,563.5,4,Common-Source Amplifier,68.5855,30.0,0.0019,270.8159,0.0571,5.77,37.40
35200,565.3,4,Common-Source Amplifier,67.4658,30.0,-0.0029,275.3707,0.0465,8.82,32.61
35328,567.2,4,Common-Source Amplifier,68.6210,30.0,0.0010,263.3113,0.0515,6.29,36.57
35456,569.2,4,Common-Source Amplifier,68.5039,30.0,-0.0002,210.5846,0.0622,2.52,37.12
35584,571.1,4,Common-Source Amplifier,68.5868,30.0,-0.0055,267.1402,0.0651,6.76,35.88
35712,573.0,4,Common-Source Amplifier,68.6467,30.0,-0.0033,275.4203,0.0589,7.28,35.05
35840,574.9,4,Common-Source Amplifier,68.6509,30.0,-0.0015,276.0103,0.0462,7.75,34.37
35968,576.8,4,Common-Source Amplifier,68.6467,30.0,-0.0025,245.5245,0.0602,4.41,35.74
36096,578.6,4,Common-Source Amplifier,68.6456,30.0,-0.0011,264.6997,0.0699,7.25,35.13
36224,580.6,4,Common-Source Amplifier,68.6513,30.0,-0.0018,212.9252,0.0752,2.95,37.94
36352,582.4,4,Common-Source Amplifier,68.5616,30.0,0.0007,248.9102,0.0835,5.30,38.08
36480,584.3,4,Common-Source Amplifier,68.7914,30.0,-0.0003,233.1504,0.0787,4.43,35.68
36608,586.2,4,Common-Source Amplifier,68.6176,30.0,-0.0046,212.4023,0.0558,3.00,37.82
36736,588.1,4,Common-Source Amplifier,68.6259,30.0,-0.0020,251.7123,0.0537,6.78,35.82
36864,589.9,4,Common-Source Amplifier,68.6391,30.0,-0.0023,234.6594,0.0517,6.26,36.64
36992,591.8,4,Common-Source Amplifier,68.6998,30.0,-0.0046,247.7510,0.0345,6.34,34.93
37120,593.7,4,Common-Source Amplifier,68.6051,30.0,-0.0015,233.2992,0.0324,6.29,36.57
37248,595.6,4,Common-Source Amplifier,68.6032,30.0,-0.0019,235.1232,0.0418,6.29,36.57
37376,597.6,4,Common-Source Amplifier,68.6173,30.0,0.0042,252.7807,0.0582,6.29,36.57
37504,599.6,4,Common-Source Amplifier,68.5968,30.0,-0.0035,196.7488,0.0554,4.83,37.27
37632,601.5,4,Common-Source Amplifier,68.6152,30.0,0.0002,240.3212,0.0552,6.29,36.57
37760,603.4,4,Common-Source Amplifier,68.5461,30.0,0.0081,193.7360,0.0430,3.49,39.16
37888,605.3,4,Common-Source Amplifier,68.6285,30.0,-0.0020,238.4309,0.0325,5.79,37.33
38016,607.2,4,Common-Source Amplifier,68.6809,30.0,-0.0019,289.3845,0.0220,7.25,35.13
38144,609.0,4,Common-Source Amplifier,68.6822,30.0,0.0000,271.1528,0.0205,7.75,34.37
38272,610.9,4,Common-Source Amplifier,68.8067,30.0,-0.0006,223.0299,0.0230,5.39,34.23
38400,612.8,4,Common-Source Amplifier,68.6391,30.0,-0.0053,208.0174,0.0176,5.79,37.33
38528,614.7,4,Common-Source Amplifier,68.7071,30.0,-0.0022,258.3177,0.0154,5.39,34.23
38656,616.6,4,Common-Source Amplifier,68.6822,30.0,0.0000,272.7435,0.0151,7.75,34.37
38784,618.6,4,Common-Source Amplifier,68.6430,30.0,-0.0005,266.1725,0.0176,7.25,35.13
38912,620.5,4,Common-Source Amplifier,68.6822,30.0,0.0000,301.4454,0.0182,7.75,34.37
39040,622.4,4,Common-Source Amplifier,68.6665,30.0,-0.0002,252.3496,0.0200,7.25,35.13
39168,624.2,4,Common-Source Amplifier,68.6822,30.0,-0.0000,274.2138,0.0156,7.75,34.37
39296,626.2,4,Common-Source Amplifier,68.6252,30.0,-0.0009,197.6379,0.0179,6.76,35.88
39424,628.1,4,Common-Source Amplifier,68.6291,30.0,-0.0007,238.2094,0.0171,6.78,35.82
39552,630.0,4,Common-Source Amplifier,68.6822,30.0,0.0000,288.4075,0.0162,7.75,34.37
39680,631.9,4,Common-Source Amplifier,68.6822,30.0,-0.0000,266.4238,0.0174,7.75,34.37
39808,633.8,4,Common-Source Amplifier,68.6613,30.0,-0.0000,246.2968,0.0188,7.25,35.13
39936,635.6,4,Common-Source Amplifier,68.6822,30.0,-0.0000,268.0423,0.0181,7.75,34.37
40064,637.6,4,Common-Source Amplifier,68.6509,30.0,-0.0023,275.2430,0.0190,7.77,34.29
40192,639.5,4,Common-Source Amplifier,68.6757,30.0,-0.0001,277.3933,0.0171,7.25,35.13
40320,641.3,4,Common-Source Amplifier,68.7535,30.0,-0.0006,236.0950,0.0121,6.78,34.32
40448,643.3,4,Common-Source Amplifier,68.6822,30.0,-0.0000,278.8678,0.0105,7.75,34.37
40576,645.1,4,Common-Source Amplifier,68.6822,30.0,-0.0000,269.5228,0.0111,7.75,34.37
40704,647.0,4,Common-Source Amplifier,68.6744,30.0,-0.0014,257.5589,0.0079,7.25,35.13
40832,648.9,4,Common-Source Amplifier,68.6822,30.0,0.0000,278.9210,0.0028,7.75,34.37
40960,650.8,4,Common-Source Amplifier,68.6822,30.0,-0.0000,274.9921,0.0028,7.75,34.37
41088,652.7,4,Common-Source Amplifier,68.6822,30.0,0.0000,285.7024,0.0025,7.75,34.37
41216,654.5,4,Common-Source Amplifier,68.6822,30.0,-0.0000,266.4576,0.0029,7.75,34.37
41344,656.4,4,Common-Source Amplifier,68.6822,30.0,-0.0000,263.9958,0.0028,7.75,34.37
41472,658.4,4,Common-Source Amplifier,68.6822,30.0,-0.0000,279.5988,0.0028,7.75,34.37
41600,660.3,4,Common-Source Amplifier,68.6495,30.0,-0.0002,249.7665,0.0036,7.25,35.13
41728,662.1,4,Common-Source Amplifier,68.6822,30.0,0.0000,277.6357,0.0069,7.75,34.37
41856,664.1,4,Common-Source Amplifier,68.6822,30.0,0.0000,264.3770,0.0080,7.75,34.37
41984,665.9,4,Common-Source Amplifier,68.6822,30.0,0.0000,272.4029,0.0075,7.75,34.37
42112,667.9,4,Common-Source Amplifier,68.6443,30.0,-0.0008,270.5058,0.0091,7.25,35.13
42240,669.8,4,Common-Source Amplifier,68.6456,30.0,-0.0008,276.2094,0.0104,7.25,35.13
42368,671.7,4,Common-Source Amplifier,68.6822,30.0,0.0000,292.7912,0.0119,7.75,34.37
42496,673.6,4,Common-Source Amplifier,68.6905,30.0,-0.0029,295.2593,0.0117,5.39,34.23
42624,675.5,4,Common-Source Amplifier,68.6783,30.0,-0.0008,278.0931,0.0117,7.25,35.13
42752,677.4,4,Common-Source Amplifier,68.6822,30.0,-0.0000,283.9870,0.0082,7.75,34.37
42880,679.4,4,Common-Source Amplifier,68.6613,30.0,0.0000,233.5426,0.0094,7.25,35.13
43008,681.3,4,Common-Source Amplifier,64.3345,30.0,-0.0036,358.9931,0.0086,8.82,32.61
43136,683.2,4,Common-Source Amplifier,68.6522,30.0,-0.0006,242.9965,0.0116,7.25,35.13
43264,685.1,4,Common-Source Amplifier,68.6678,30.0,-0.0005,250.9915,0.0104,7.25,35.13
43392,687.0,4,Common-Source Amplifier,68.6195,30.0,-0.0002,223.4395,0.0116,6.76,35.88
43520,688.9,4,Common-Source Amplifier,68.6469,30.0,-0.0008,254.9105,0.0156,7.25,35.13
43648,690.9,4,Common-Source Amplifier,68.6574,30.0,-0.0002,246.4964,0.0198,7.25,35.13
43776,692.7,4,Common-Source Amplifier,68.6822,30.0,-0.0000,281.1628,0.0197,7.75,34.37
43904,694.7,4,Common-Source Amplifier,68.6718,30.0,-0.0014,237.9906,0.0180,7.25,35.13
44032,696.6,4,Common-Source Amplifier,68.6822,30.0,-0.0000,272.8317,0.0149,7.75,34.37
44160,698.5,4,Common-Source Amplifier,68.6419,30.0,-0.0020,207.5669,0.0197,5.80,35.83
44288,700.5,4,Common-Source Amplifier,68.6193,30.0,-0.0015,267.8803,0.0238,6.78,35.82
44416,702.4,4,Common-Source Amplifier,68.6822,30.0,-0.0000,298.1860,0.0278,7.75,34.37
44544,704.3,4,Common-Source Amplifier,68.6822,30.0,-0.0000,272.0988,0.0302,7.75,34.37
44672,706.2,4,Common-Source Amplifier,68.7891,30.0,-0.0001,255.2203,0.0313,6.78,34.32
44800,708.0,4,Common-Source Amplifier,68.6822,30.0,-0.0000,292.2834,0.0315,7.75,34.37
44928,710.0,4,Common-Source Amplifier,68.6561,30.0,-0.0019,251.8814,0.0258,6.76,35.88
45056,711.9,4,Common-Source Amplifier,68.6822,30.0,-0.0000,281.6485,0.0209,7.75,34.37
45184,713.8,4,Common-Source Amplifier,68.6315,30.0,-0.0005,203.8517,0.0206,5.33,36.52
45312,715.8,4,Common-Source Amplifier,68.6822,30.0,0.0000,309.4759,0.0141,7.75,34.37
45440,717.6,4,Common-Source Amplifier,68.6822,30.0,-0.0001,278.0666,0.0139,7.75,34.37
45568,719.5,4,Common-Source Amplifier,68.6796,30.0,-0.0027,263.6650,0.0071,7.25,35.13
45696,721.5,4,Common-Source Amplifier,68.6822,30.0,0.0000,277.1709,0.0047,7.75,34.37
45824,723.4,4,Common-Source Amplifier,68.6822,30.0,0.0000,269.6170,0.0049,7.75,34.37
45952,725.4,4,Common-Source Amplifier,68.6822,30.0,0.0000,276.8580,0.0049,7.75,34.37
46080,727.2,4,Common-Source Amplifier,68.6822,30.0,0.0000,288.3082,0.0047,7.75,34.37
46208,729.2,4,Common-Source Amplifier,68.6652,30.0,-0.0004,229.8709,0.0053,7.25,35.13
46336,731.2,4,Common-Source Amplifier,68.6822,30.0,0.0000,271.9212,0.0041,7.75,34.37
46464,733.0,4,Common-Source Amplifier,68.6822,30.0,-0.0000,265.9767,0.0045,7.75,34.37
46592,734.9,4,Common-Source Amplifier,68.6822,30.0,-0.0000,253.7285,0.0047,7.75,34.37
46720,736.9,4,Common-Source Amplifier,68.6822,30.0,-0.0000,269.2434,0.0043,7.75,34.37
46848,738.8,4,Common-Source Amplifier,68.6822,30.0,0.0000,284.2107,0.0043,7.75,34.37
46976,740.7,4,Common-Source Amplifier,68.6718,30.0,-0.0012,251.7508,0.0035,7.25,35.13
47104,742.6,4,Common-Source Amplifier,68.6822,30.0,0.0000,277.1140,0.0019,7.75,34.37
47232,744.5,4,Common-Source Amplifier,68.6822,30.0,-0.0000,264.3822,0.0019,7.75,34.37
47360,746.5,4,Common-Source Amplifier,68.6822,30.0,-0.0000,270.7668,0.0020,7.75,34.37
47488,748.4,4,Common-Source Amplifier,68.6822,30.0,0.0000,258.4644,0.0023,7.75,34.37
47616,750.3,4,Common-Source Amplifier,68.6822,30.0,-0.0000,260.5777,0.0020,7.75,34.37
47744,752.2,4,Common-Source Amplifier,68.6822,30.0,0.0000,264.9697,0.0021,7.75,34.37
47872,754.1,4,Common-Source Amplifier,68.6822,30.0,-0.0000,276.2080,0.0021,7.75,34.37
48000,756.0,4,Common-Source Amplifier,68.6822,30.0,0.0000,249.1605,0.0024,7.75,34.37
48128,757.9,4,Common-Source Amplifier,68.6822,30.0,0.0000,249.2972,0.0024,7.75,34.37
48256,759.9,4,Common-Source Amplifier,68.6822,30.0,-0.0000,259.2423,0.0023,7.75,34.37
48384,761.8,4,Common-Source Amplifier,68.6822,30.0,-0.0000,269.0851,0.0022,7.75,34.37
48512,763.7,4,Common-Source Amplifier,68.6822,30.0,0.0000,278.0006,0.0022,7.75,34.37
48640,765.6,4,Common-Source Amplifier,68.6822,30.0,-0.0000,265.9498,0.0024,7.75,34.37
48768,767.5,4,Common-Source Amplifier,68.6822,30.0,0.0000,267.9787,0.0022,7.75,34.37
48896,769.4,4,Common-Source Amplifier,68.6822,30.0,0.0000,274.7224,0.0023,7.75,34.37
49024,771.4,4,Common-Source Amplifier,68.6822,30.0,-0.0000,263.9518,0.0027,7.75,34.37
49152,773.2,4,Common-Source Amplifier,68.6822,30.0,-0.0000,263.3816,0.0027,7.75,34.37
49280,775.2,4,Common-Source Amplifier,68.6822,30.0,0.0000,271.1804,0.0027,7.75,34.37
49408,777.1,4,Common-Source Amplifier,68.6822,30.0,0.0000,285.7585,0.0026,7.75,34.37
49536,779.0,4,Common-Source Amplifier,68.6822,30.0,-0.0000,272.3925,0.0030,7.75,34.37
49664,781.0,4,Common-Source Amplifier,68.7128,30.0,-0.0021,235.1348,0.0022,6.78,34.32
49792,782.9,4,Common-Source Amplifier,68.6822,30.0,0.0000,241.7907,0.0018,7.75,34.37
49920,784.9,4,Common-Source Amplifier,68.6822,30.0,0.0000,260.9522,0.0017,7.75,34.37
50048,786.9,4,Common-Source Amplifier,68.6822,30.0,0.0000,262.1736,0.0015,7.75,34.37
50176,788.8,4,Common-Source Amplifier,68.6822,30.0,0.0000,265.7577,0.0015,7.75,34.37
50304,790.7,4,Common-Source Amplifier,68.6822,30.0,0.0000,287.9589,0.0016,7.75,34.37
50432,792.6,4,Common-Source Amplifier,68.6822,30.0,-0.0000,265.8887,0.0015,7.75,34.37
50560,794.6,4,Common-Source Amplifier,68.6757,30.0,-0.0031,237.8531,0.0018,7.25,35.13
50688,796.4,4,Common-Source Amplifier,68.6822,30.0,0.0000,264.1713,0.0018,7.75,34.37
50816,798.4,4,Common-Source Amplifier,68.6822,30.0,-0.0000,260.9302,0.0019,7.75,34.37
50944,800.3,4,Common-Source Amplifier,68.6822,30.0,0.0000,275.0810,0.0017,7.75,34.37
51072,802.1,4,Common-Source Amplifier,68.6822,30.0,0.0000,267.6542,0.0019,7.75,34.37
51200,804.1,4,Common-Source Amplifier,68.6822,30.0,-0.0000,275.6038,0.0017,7.75,34.37
51328,806.0,4,Common-Source Amplifier,68.6822,30.0,0.0000,282.3605,0.0016,7.75,34.37
51456,807.9,4,Common-Source Amplifier,68.6822,30.0,0.0000,286.2599,0.0018,7.75,34.37
51584,809.9,4,Common-Source Amplifier,68.6822,30.0,-0.0000,271.9642,0.0018,7.75,34.37
51712,811.8,4,Common-Source Amplifier,68.6822,30.0,0.0000,285.2124,0.0017,7.75,34.37
51840,813.6,4,Common-Source Amplifier,68.6822,30.0,-0.0000,279.1407,0.0019,7.75,34.37
51968,815.5,4,Common-Source Amplifier,68.6822,30.0,0.0000,292.5967,0.0018,7.75,34.37
52096,817.4,4,Common-Source Amplifier,68.6822,30.0,-0.0000,271.1153,0.0021,7.75,34.37
52224,819.4,4,Common-Source Amplifier,68.6822,30.0,-0.0000,262.2161,0.0023,7.75,34.37
52352,821.3,4,Common-Source Amplifier,68.6822,30.0,0.0000,244.7394,0.0025,7.75,34.37
52480,823.2,4,Common-Source Amplifier,68.6822,30.0,-0.0000,250.4470,0.0025,7.75,34.37
52608,825.1,4,Common-Source Amplifier,68.6822,30.0,-0.0000,264.9442,0.0024,7.75,34.37
52736,827.0,4,Common-Source Amplifier,68.6822,30.0,0.0000,261.1390,0.0029,7.75,34.37
52864,828.9,4,Common-Source Amplifier,68.6822,30.0,-0.0000,273.5123,0.0026,7.75,34.37
52992,830.8,4,Common-Source Amplifier,68.6822,30.0,-0.0000,285.4124,0.0026,7.75,34.37
53120,832.7,4,Common-Source Amplifier,68.6822,30.0,0.0000,276.0408,0.0027,7.75,34.37
53248,834.7,4,Common-Source Amplifier,68.6822,30.0,-0.0000,280.0720,0.0028,7.75,34.37
53376,836.5,4,Common-Source Amplifier,68.6822,30.0,-0.0000,281.3364,0.0027,7.75,34.37
53504,838.4,4,Common-Source Amplifier,68.6822,30.0,-0.0000,275.4436,0.0030,7.75,34.37
53632,840.4,4,Common-Source Amplifier,68.6822,30.0,0.0000,284.9907,0.0030,7.75,34.37
53760,842.3,4,Common-Source Amplifier,68.6822,30.0,0.0000,267.2793,0.0029,7.75,34.37
53888,844.2,4,Common-Source Amplifier,68.6822,30.0,-0.0000,274.5860,0.0032,7.75,34.37
54016,846.1,4,Common-Source Amplifier,68.7214,30.0,-0.0017,308.3590,0.0054,8.27,33.54
54144,848.0,4,Common-Source Amplifier,68.6822,30.0,0.0000,254.0741,0.0076,7.75,34.37
54272,849.9,4,Common-Source Amplifier,68.7262,30.0,-0.0020,276.1204,0.0237,8.27,33.54
54400,851.9,4,Common-Source Amplifier,68.7293,30.0,-0.0031,279.1124,0.0623,8.27,33.54
54528,853.8,4,Common-Source Amplifier,65.6121,30.0,0.0030,275.1726,0.0833,8.82,32.61
54656,855.7,4,Common-Source Amplifier,68.8956,30.0,-0.0131,210.6950,0.0787,4.10,32.33
54784,857.5,4,Common-Source Amplifier,15.3379,30.0,0.0400,518.0873,0.1009,16.01,33.90
54912,859.5,4,Common-Source Amplifier,68.7055,30.0,0.0021,174.7468,0.0153,7.25,35.13
55040,861.4,4,Common-Source Amplifier,68.6822,30.0,0.0000,227.8639,0.0090,7.75,34.37
55168,863.4,4,Common-Source Amplifier,68.7058,30.0,-0.0011,263.2627,0.0176,8.27,33.54
55296,865.3,4,Common-Source Amplifier,61.8750,30.0,-0.0223,256.9419,0.0748,9.34,31.77
55424,867.1,4,Common-Source Amplifier,68.6561,30.0,-0.0004,280.8141,0.0354,7.25,35.13
55552,869.1,4,Common-Source Amplifier,68.6469,30.0,-0.0014,270.6553,0.0364,7.25,35.13
55680,871.0,4,Common-Source Amplifier,68.6822,30.0,0.0000,275.4476,0.0600,7.75,34.37
55808,872.9,4,Common-Source Amplifier,68.6482,30.0,-0.0056,205.8338,0.0589,5.79,37.33
55936,874.8,4,Common-Source Amplifier,68.7528,30.0,-0.0023,316.2722,0.0962,8.30,33.46
56064,876.7,4,Common-Source Amplifier,45.0752,30.0,-0.0091,453.2798,0.1119,10.94,29.17
56192,878.6,4,Common-Source Amplifier,68.5547,30.0,0.0046,177.0514,0.1166,4.87,38.64
56320,880.6,4,Common-Source Amplifier,68.5681,30.0,0.0021,136.2120,0.0948,3.87,38.72
56448,882.5,4,Common-Source Amplifier,68.7131,30.0,-0.0001,317.6596,0.0322,7.77,34.29
56576,884.3,4,Common-Source Amplifier,68.6903,30.0,-0.0024,268.6687,0.0542,7.77,34.29
56704,886.2,4,Common-Source Amplifier,68.6809,30.0,-0.0029,271.8084,0.0360,7.25,35.13
56832,888.1,4,Common-Source Amplifier,68.6522,30.0,0.0016,238.2260,0.0200,7.25,35.13
56960,890.1,4,Common-Source Amplifier,68.7152,30.0,-0.0017,284.4309,0.0416,8.27,33.54
57088,892.1,4,Common-Source Amplifier,63.1360,30.0,0.0212,248.7515,0.0950,8.82,32.61
57216,894.0,4,Common-Source Amplifier,68.6871,30.0,0.0066,245.2505,0.0265,4.90,34.99
57344,895.8,4,Common-Source Amplifier,68.6822,30.0,0.0000,270.0833,0.0214,7.75,34.37
57472,897.7,4,Common-Source Amplifier,68.6822,30.0,-0.0000,279.1751,0.0215,7.75,34.37
57600,899.7,4,Common-Source Amplifier,68.7214,30.0,-0.0021,283.7414,0.0337,8.27,33.54
57728,901.7,4,Common-Source Amplifier,68.7591,30.0,-0.0061,256.7446,0.1042,9.31,31.87
57856,903.8,4,Common-Source Amplifier,49.1684,30.0,-0.0057,330.9365,0.1831,8.73,34.41
57984,906.0,4,Common-Source Amplifier,54.1902,30.0,0.0166,163.1649,0.1174,0.30,38.06
58112,907.9,4,Common-Source Amplifier,58.5418,30.0,-0.0134,299.2632,0.1258,10.21,33.63
58240,909.9,4,Common-Source Amplifier,51.6216,30.0,0.0005,342.4055,0.0726,8.32,35.18
58368,911.8,4,Common-Source Amplifier,67.6601,30.0,-0.0010,234.0584,0.0458,5.70,33.38
58496,913.7,4,Common-Source Amplifier,69.2052,30.0,0.0055,231.1757,0.0499,5.13,30.66
58624,915.6,4,Common-Source Amplifier,68.9164,30.0,-0.0204,230.4822,0.0620,6.44,32.56
58752,917.6,4,Common-Source Amplifier,69.3469,30.0,0.0013,240.8350,0.0477,1.20,33.12
58880,919.5,4,Common-Source Amplifier,69.1904,30.0,-0.0012,207.6247,0.0284,0.64,32.14
59008,921.4,4,Common-Source Amplifier,68.9976,30.0,0.0003,236.6241,0.0129,3.04,34.09
59136,923.4,4,Common-Source Amplifier,68.6822,30.0,0.0000,306.3851,0.0071,7.75,34.37
59264,925.3,4,Common-Source Amplifier,68.6822,30.0,0.0000,296.0668,0.0083,7.75,34.37
59392,927.1,4,Common-Source Amplifier,68.6822,30.0,-0.0000,282.9289,0.0089,7.75,34.37
59520,929.0,4,Common-Source Amplifier,68.7262,30.0,-0.0020,285.9386,0.0158,8.27,33.54
59648,930.9,4,Common-Source Amplifier,68.6885,30.0,-0.0068,257.2814,0.0599,8.27,33.54
59776,932.9,4,Common-Source Amplifier,69.5219,30.0,0.0067,229.7788,0.0452,0.23,30.19
59904,934.9,4,Common-Source Amplifier,65.2477,30.0,-0.0069,210.4530,0.0455,0.53,33.02
60032,936.7,4,Common-Source Amplifier,68.6822,30.0,-0.0000,300.0270,0.0188,7.75,34.37
60160,938.7,4,Common-Source Amplifier,68.8778,30.0,-0.0032,258.4735,0.0207,3.55,33.26
60288,940.6,4,Common-Source Amplifier,68.9671,30.0,0.0019,227.0044,0.0243,3.56,33.26
60416,942.5,4,Common-Source Amplifier,68.6822,30.0,-0.0001,275.7186,0.0204,7.75,34.37
60544,944.3,4,Common-Source Amplifier,68.6822,30.0,-0.0000,272.8506,0.0346,7.75,34.37
60672,946.2,4,Common-Source Amplifier,68.6025,30.0,-0.0007,246.4054,0.0432,6.26,36.64
60800,948.1,4,Common-Source Amplifier,68.7131,30.0,-0.0089,290.1475,0.0638,8.79,32.70
60928,950.0,4,Common-Source Amplifier,68.8425,30.0,-0.0117,233.7279,0.1048,4.90,34.99
61056,952.0,4,Common-Source Amplifier,59.3828,30.0,-0.0004,229.9212,0.1487,8.79,32.70
61184,953.9,4,Common-Source Amplifier,68.6064,30.0,-0.0029,289.6215,0.0373,5.77,37.40
61312,955.7,4,Common-Source Amplifier,63.7632,30.0,-0.0146,300.1667,0.0683,9.34,31.77
61440,957.7,4,Common-Source Amplifier,68.8256,30.0,0.0006,257.8861,0.0621,4.90,34.99
61568,959.6,4,Common-Source Amplifier,68.8128,30.0,0.0035,238.5627,0.0986,7.00,31.55
61696,961.5,4,Common-Source Amplifier,68.6822,30.0,-0.0000,285.1151,0.0738,7.75,34.37
61824,963.5,4,Common-Source Amplifier,69.4437,30.0,0.0113,199.0831,0.1367,2.77,30.52
61952,965.4,4,Common-Source Amplifier,68.6244,30.0,-0.0074,214.2902,0.1251,6.86,35.59
62080,967.2,4,Common-Source Amplifier,68.6360,30.0,0.0011,260.6359,0.1015,7.25,35.13
62208,969.1,4,Common-Source Amplifier,68.6529,30.0,-0.0019,233.5856,0.0845,6.78,35.80
62336,971.0,4,Common-Source Amplifier,68.7262,30.0,0.0011,278.1039,0.0592,8.27,33.54
62464,973.0,4,Common-Source Amplifier,68.6760,30.0,0.0024,253.3916,0.0789,7.77,34.29
62592,974.9,4,Common-Source Amplifier,68.6339,30.0,0.0001,263.0548,0.0522,6.76,35.88
62720,976.8,4,Common-Source Amplifier,68.6618,30.0,-0.0022,245.4223,0.0729,7.28,35.05
62848,978.7,4,Common-Source Amplifier,68.6744,30.0,0.0012,276.7657,0.0836,7.25,35.13
62976,980.6,4,Common-Source Amplifier,68.6574,30.0,0.0063,243.5392,0.0547,7.77,34.29
63104,982.5,4,Common-Source Amplifier,68.6652,30.0,-0.0002,281.9417,0.0311,7.75,34.37
63232,984.4,4,Common-Source Amplifier,68.6339,30.0,-0.0013,269.2264,0.0429,7.25,35.13
63360,986.3,4,Common-Source Amplifier,68.6378,30.0,-0.0054,237.0249,0.0521,6.76,35.88
63488,988.2,4,Common-Source Amplifier,68.7199,30.0,-0.0011,299.8477,0.0507,8.27,33.54
63616,990.1,4,Common-Source Amplifier,68.6819,30.0,-0.0022,269.1538,0.0583,7.30,34.98
63744,992.1,4,Common-Source Amplifier,68.6496,30.0,-0.0070,263.0478,0.0551,6.76,35.88
63872,994.0,4,Common-Source Amplifier,68.6450,30.0,0.0040,272.6628,0.0373,7.25,35.13
64000,995.9,4,Common-Source Amplifier,68.6932,30.0,-0.0084,261.7663,0.0852,8.27,33.54
64128,997.8,4,Common-Source Amplifier,69.4004,30.0,0.0131,221.4721,0.0453,0.62,34.74
64256,999.8,4,Common-Source Amplifier,69.0075,30.0,-0.0005,239.3286,0.0805,4.16,34.08
64384,1001.7,4,Common-Source Amplifier,68.9128,30.0,0.0026,250.8406,0.0369,5.37,33.38
64512,1003.6,4,Common-Source Amplifier,68.7687,30.0,-0.0001,274.0617,0.0259,6.78,34.32
64640,1005.4,4,Common-Source Amplifier,68.9517,30.0,-0.0059,229.5059,0.0295,5.46,33.38
64768,1007.3,4,Common-Source Amplifier,69.0169,30.0,-0.0031,284.1923,0.0566,6.85,32.59
64896,1009.2,4,Common-Source Amplifier,68.9988,30.0,0.0001,193.6852,0.0994,3.04,35.52
65024,1011.1,4,Common-Source Amplifier,68.7738,30.0,-0.0010,269.2935,0.0321,6.78,34.32
65152,1013.0,4,Common-Source Amplifier,68.7562,30.0,-0.0020,231.5112,0.0407,6.29,35.08
65280,1015.0,4,Common-Source Amplifier,68.6822,30.0,0.0000,277.3009,0.0224,7.75,34.37
65408,1016.8,4,Common-Source Amplifier,68.7026,30.0,-0.0032,253.4355,0.0268,6.78,34.32
65536,1018.7,4,Common-Source Amplifier,68.6977,30.0,-0.0000,256.6776,0.0354,7.77,34.29
65664,1020.7,4,Common-Source Amplifier,68.6822,30.0,-0.0000,273.7703,0.0409,7.75,34.37
65792,1022.7,4,Common-Source Amplifier,68.7157,30.0,-0.0015,251.9920,0.0758,8.27,33.54
65920,1024.6,4,Common-Source Amplifier,68.6561,30.0,0.0021,236.6569,0.0796,7.25,35.13
66048,1026.4,4,Common-Source Amplifier,68.6757,30.0,-0.0016,270.2995,0.0510,7.75,34.37
66176,1028.4,4,Common-Source Amplifier,68.7089,30.0,-0.0071,282.4805,0.0833,8.79,32.70
66304,1030.3,4,Common-Source Amplifier,64.2969,30.0,0.0044,164.4460,0.1049,1.47,33.71
66432,1032.2,4,Common-Source Amplifier,68.7636,30.0,-0.0017,288.7483,0.0303,6.78,34.32
66560,1034.2,4,Common-Source Amplifier,68.7964,30.0,-0.0008,273.5615,0.0377,6.78,34.32
66688,1036.1,4,Common-Source Amplifier,68.6822,30.0,-0.0000,287.3642,0.0396,7.75,34.37
66816,1037.9,4,Common-Source Amplifier,68.9249,30.0,-0.0026,229.1229,0.0867,5.32,35.02
66944,1039.9,4,Common-Source Amplifier,68.8286,30.0,0.0428,147.6766,0.2440,1.73,37.53
67072,1041.9,4,Common-Source Amplifier,69.1582,30.0,0.0228,234.9893,0.1846,3.58,36.77
67200,1043.8,4,Common-Source Amplifier,68.6154,30.0,-0.0001,345.3228,0.0914,5.84,37.20
67328,1045.7,4,Common-Source Amplifier,68.6354,30.0,0.0055,315.7806,0.0553,7.25,35.13
67456,1047.6,4,Common-Source Amplifier,68.6639,30.0,-0.0035,302.7936,0.0441,7.25,35.13
67584,1049.5,4,Common-Source Amplifier,68.7293,30.0,-0.0041,326.9658,0.0543,8.27,33.54
67712,1051.4,4,Common-Source Amplifier,68.7348,30.0,-0.0043,300.2519,0.0937,8.79,32.70
67840,1053.4,4,Common-Source Amplifier,68.8546,30.0,0.0047,214.2839,0.0457,4.92,34.91
67968,1055.3,4,Common-Source Amplifier,68.6822,30.0,-0.0000,297.6157,0.0073,7.75,34.37
68096,1057.2,4,Common-Source Amplifier,68.7136,30.0,-0.0003,310.8008,0.0101,8.27,33.54
68224,1059.1,4,Common-Source Amplifier,68.6602,30.0,-0.0015,243.1110,0.0194,6.78,35.82
68352,1061.0,4,Common-Source Amplifier,68.6822,30.0,0.0000,282.9739,0.0113,7.75,34.37
68480,1062.9,4,Common-Source Amplifier,68.6574,30.0,-0.0003,246.5884,0.0172,7.25,35.13
68608,1064.9,4,Common-Source Amplifier,68.7591,30.0,-0.0030,295.0064,0.0464,8.79,32.70
68736,1066.7,4,Common-Source Amplifier,68.6639,30.0,0.0048,271.5040,0.0174,7.75,34.37
68864,1068.6,4,Common-Source Amplifier,68.6822,30.0,0.0000,275.9228,0.0063,7.75,34.37
68992,1070.6,4,Common-Source Amplifier,68.6668,30.0,0.0001,260.0660,0.0056,7.25,35.13
69120,1072.5,4,Common-Source Amplifier,68.6822,30.0,0.0000,285.7152,0.0036,7.75,34.37
69248,1074.5,4,Common-Source Amplifier,68.6822,30.0,0.0000,283.7473,0.0035,7.75,34.37
69376,1076.4,4,Common-Source Amplifier,68.6822,30.0,0.0000,276.7326,0.0041,7.75,34.37
69504,1078.3,4,Common-Source Amplifier,68.6822,30.0,0.0000,269.2143,0.0042,7.75,34.37
69632,1080.1,4,Common-Source Amplifier,68.6822,30.0,0.0000,266.4964,0.0049,7.75,34.37
69760,1082.1,4,Common-Source Amplifier,68.6822,30.0,0.0000,270.1669,0.0044,7.75,34.37
69888,1084.0,4,Common-Source Amplifier,68.6822,30.0,0.0000,262.7261,0.0047,7.75,34.37
70016,1086.0,4,Common-Source Amplifier,68.6822,30.0,-0.0000,267.7187,0.0049,7.75,34.37
70144,1088.0,4,Common-Source Amplifier,68.6822,30.0,-0.0000,257.8896,0.0051,7.75,34.37
70272,1089.8,4,Common-Source Amplifier,68.6822,30.0,0.0000,264.3819,0.0139,7.75,34.37
70400,1091.7,4,Common-Source Amplifier,68.7136,30.0,-0.0020,295.4576,0.0396,8.27,33.54
70528,1093.7,4,Common-Source Amplifier,68.6535,30.0,0.0022,257.6733,0.0501,7.25,35.13
70656,1095.6,4,Common-Source Amplifier,68.8831,30.0,-0.0016,222.0760,0.0575,5.91,33.40
70784,1097.5,4,Common-Source Amplifier,68.6660,30.0,0.0008,261.9345,0.0363,8.27,33.54
70912,1099.4,4,Common-Source Amplifier,68.6352,30.0,0.0000,250.2550,0.0387,7.25,35.13
71040,1101.3,4,Common-Source Amplifier,68.6300,30.0,-0.0142,216.2611,0.0500,5.79,37.33
71168,1103.3,4,Common-Source Amplifier,68.6660,30.0,-0.0050,308.5462,0.0381,8.27,33.54
71296,1105.2,4,Common-Source Amplifier,68.6822,30.0,-0.0000,285.7093,0.0363,7.75,34.37
71424,1107.2,4,Common-Source Amplifier,68.6822,30.0,-0.0000,278.4155,0.0491,7.75,34.37
71552,1109.1,4,Common-Source Amplifier,69.0378,30.0,0.0066,177.2670,0.1102,3.96,34.86
71680,1111.0,4,Common-Source Amplifier,68.6402,30.0,-0.0006,289.4183,0.0728,7.25,35.13
71808,1113.0,4,Common-Source Amplifier,68.6540,30.0,0.0003,258.8696,0.0701,7.77,34.29
71936,1114.9,4,Common-Source Amplifier,68.7047,30.0,-0.0064,267.7564,0.0762,8.30,33.46
72064,1116.9,4,Common-Source Amplifier,68.6548,30.0,-0.0057,246.0579,0.0475,6.76,35.88
72192,1118.8,4,Common-Source Amplifier,68.7282,30.0,-0.0052,297.2580,0.0566,8.30,33.46
72320,1120.7,4,Common-Source Amplifier,68.6905,30.0,-0.0027,259.8266,0.0312,5.39,34.23
72448,1122.7,4,Common-Source Amplifier,68.6822,30.0,-0.0000,268.1057,0.0225,7.75,34.37
72576,1124.6,4,Common-Source Amplifier,68.3522,30.0,0.0076,162.7574,0.0525,3.96,34.86
72704,1126.5,4,Common-Source Amplifier,68.6822,30.0,-0.0000,284.9646,0.0147,7.75,34.37
72832,1128.4,4,Common-Source Amplifier,68.6822,30.0,0.0000,278.3934,0.0174,7.75,34.37
72960,1130.3,4,Common-Source Amplifier,68.6289,30.0,-0.0013,224.3308,0.0248,6.29,36.57
73088,1132.3,4,Common-Source Amplifier,68.7079,30.0,-0.0011,301.1220,0.0130,8.27,33.54
73216,1134.2,4,Common-Source Amplifier,68.6746,30.0,-0.0038,263.7740,0.0108,6.78,35.82
73344,1136.1,4,Common-Source Amplifier,68.7136,30.0,-0.0062,270.7904,0.0399,8.27,33.54
73472,1138.0,4,Common-Source Amplifier,66.7769,30.0,-0.0031,291.0117,0.0593,9.68,34.46
73600,1139.8,4,Common-Source Amplifier,68.0471,30.0,0.0047,276.8030,0.0176,7.75,34.37
73728,1141.8,4,Common-Source Amplifier,68.6822,30.0,0.0000,273.5599,0.0117,7.75,34.37
73856,1143.8,4,Common-Source Amplifier,68.6822,30.0,-0.0000,274.9935,0.0105,7.75,34.37
73984,1145.7,4,Common-Source Amplifier,68.6574,30.0,-0.0001,234.6143,0.0176,7.25,35.13
74112,1147.7,4,Common-Source Amplifier,68.7816,30.0,0.0151,259.9293,0.1210,9.31,31.87
74240,1149.6,4,Common-Source Amplifier,68.6822,30.0,0.0000,303.9999,0.0215,7.75,34.37
74368,1151.5,4,Common-Source Amplifier,68.7314,30.0,-0.0091,263.0818,0.0299,6.29,35.08
74496,1153.4,4,Common-Source Amplifier,68.7293,30.0,-0.0017,301.5394,0.0313,8.27,33.54
74624,1155.3,4,Common-Source Amplifier,68.6963,30.0,-0.0037,254.6860,0.0498,7.77,34.29
74752,1157.2,4,Common-Source Amplifier,68.6705,30.0,-0.0018,271.4533,0.0530,7.75,34.37
74880,1159.2,4,Common-Source Amplifier,68.9580,30.0,0.0016,307.0530,0.0643,3.44,35.69
75008,1161.0,4,Common-Source Amplifier,68.6357,30.0,-0.0159,299.9063,0.1072,6.76,35.88
75136,1162.9,4,Common-Source Amplifier,66.8631,30.0,-0.0167,317.2101,0.1575,9.86,30.94
75264,1164.8,4,Common-Source Amplifier,68.8095,30.0,0.0086,288.9529,0.1083,4.40,35.74
75392,1166.6,4,Common-Source Amplifier,68.6705,30.0,-0.0032,306.1396,0.0728,8.27,33.54
75520,1168.6,4,Common-Source Amplifier,68.6177,30.0,-0.0090,250.7456,0.0642,5.84,37.20
75648,1170.4,4,Common-Source Amplifier,68.6783,30.0,-0.0026,297.9080,0.0368,7.25,35.13
75776,1172.4,4,Common-Source Amplifier,68.6822,30.0,-0.0000,285.8035,0.0398,7.75,34.37
75904,1174.4,4,Common-Source Amplifier,68.7214,30.0,-0.0043,297.7828,0.0397,8.79,32.70
76032,1176.2,4,Common-Source Amplifier,68.6260,30.0,-0.0085,231.7449,0.0443,6.29,36.57
76160,1178.1,4,Common-Source Amplifier,68.7262,30.0,-0.0013,315.8718,0.0379,8.27,33.54
76288,1180.0,4,Common-Source Amplifier,68.7701,30.0,-0.0206,260.4820,0.0835,9.31,31.87
76416,1182.0,4,Common-Source Amplifier,68.3600,30.0,0.0048,290.6876,0.0543,5.00,33.16
76544,1183.9,4,Common-Source Amplifier,67.5230,30.0,-0.0096,271.8972,0.1152,10.45,29.90
76672,1185.9,4,Common-Source Amplifier,69.1996,30.0,0.0013,268.3286,0.0556,4.07,32.42
76800,1187.8,4,Common-Source Amplifier,68.6822,30.0,-0.0019,317.6644,0.0834,7.75,34.37
76928,1189.7,4,Common-Source Amplifier,60.3126,30.0,0.0138,264.3009,0.1151,9.14,28.00
77056,1191.5,4,Common-Source Amplifier,61.8291,28.0,0.0051,259.9304,0.0945,1.80,28.96
77184,1193.5,4,Common-Source Amplifier,67.7141,30.0,0.0071,149.8827,0.1256,3.37,36.48
77312,1195.4,4,Common-Source Amplifier,68.7152,30.0,-0.0035,352.2402,0.0745,8.27,33.54
77440,1197.3,4,Common-Source Amplifier,15.7281,30.0,0.1469,308.3920,0.5561,15.71,36.30
77568,1199.3,4,Common-Source Amplifier,65.0497,30.0,0.0112,274.3156,0.0546,1.82,35.60
77696,1201.2,4,Common-Source Amplifier,68.7136,30.0,-0.0034,246.1550,0.0437,8.27,33.54
77824,1203.1,4,Common-Source Amplifier,63.6034,30.0,0.0014,316.8525,0.0454,7.83,35.94
77952,1205.1,4,Common-Source Amplifier,68.7873,30.0,-0.0126,217.5203,0.1235,9.31,31.87
78080,1207.0,4,Common-Source Amplifier,68.6916,30.0,-0.0083,277.8620,0.0331,8.27,33.54
78208,1208.9,4,Common-Source Amplifier,68.6822,30.0,-0.0000,277.4424,0.0250,7.75,34.37
78336,1210.7,4,Common-Source Amplifier,68.8133,30.0,-0.0124,293.1067,0.0453,4.90,34.99
78464,1212.6,4,Common-Source Amplifier,68.7465,30.0,-0.0241,229.5925,0.0733,9.31,31.87
78592,1214.6,4,Common-Source Amplifier,69.1170,30.0,0.0216,303.8969,0.0563,4.10,32.33
78720,1216.5,4,Common-Source Amplifier,68.6822,30.0,0.0000,314.9157,0.0109,7.75,34.37
78848,1218.4,4,Common-Source Amplifier,68.6822,30.0,0.0000,283.9615,0.0115,7.75,34.37
78976,1220.3,4,Common-Source Amplifier,68.6822,30.0,0.0003,279.1238,0.0128,7.75,34.37
79104,1222.3,4,Common-Source Amplifier,68.6822,30.0,0.0000,276.1166,0.0156,7.75,34.37
79232,1224.2,4,Common-Source Amplifier,68.6822,30.0,-0.0000,286.0655,0.0167,7.75,34.37
79360,1226.2,4,Common-Source Amplifier,68.6822,30.0,-0.0103,234.0084,0.0481,7.25,35.13
79488,1228.1,4,Common-Source Amplifier,68.7654,30.0,0.0008,304.9136,0.0396,8.79,32.70
79616,1230.0,4,Common-Source Amplifier,68.7073,30.0,-0.0214,246.9182,0.0733,9.31,31.87
79744,1231.9,4,Common-Source Amplifier,68.6822,30.0,-0.0000,285.9240,0.0318,7.75,34.37
79872,1234.0,4,Common-Source Amplifier,64.2840,30.0,-0.0114,308.4653,0.0742,4.97,36.57
80000,1235.9,4,Common-Source Amplifier,59.1664,30.0,0.0262,196.7883,0.1174,6.20,28.89
80128,1237.8,4,Common-Source Amplifier,68.6838,30.0,-0.0020,299.0976,0.0215,8.27,33.54
80256,1239.6,4,Common-Source Amplifier,68.7026,30.0,-0.0124,248.1280,0.0522,8.27,33.54
80384,1241.5,4,Common-Source Amplifier,68.6822,30.0,-0.0000,287.2476,0.0383,7.75,34.37
80512,1243.5,4,Common-Source Amplifier,66.5051,30.0,0.0021,266.5289,0.0682,7.96,33.48
80640,1245.4,4,Common-Source Amplifier,68.6822,30.0,0.0000,257.7282,0.0242,7.75,34.37
80768,1247.3,4,Common-Source Amplifier,65.5525,30.0,-0.0093,278.7239,0.0198,5.97,35.04
80896,1249.2,4,Common-Source Amplifier,68.6822,30.0,-0.0000,264.7673,0.0071,7.75,34.37
81024,1251.0,4,Common-Source Amplifier,68.6822,30.0,-0.0000,267.9250,0.0077,7.75,34.37
81152,1253.0,4,Common-Source Amplifier,64.2719,30.0,-0.0119,254.3526,0.0429,9.53,33.60
81280,1255.0,4,Common-Source Amplifier,68.6822,30.0,-0.0000,269.0797,0.0307,7.75,34.37
81408,1256.8,4,Common-Source Amplifier,67.3592,30.0,0.0029,280.3639,0.0490,0.45,33.95
81536,1258.8,4,Common-Source Amplifier,68.6822,30.0,0.0000,318.8722,0.0143,7.75,34.37
81664,1260.7,4,Common-Source Amplifier,68.6822,30.0,-0.0000,307.4071,0.0198,7.75,34.37
81792,1262.6,4,Common-Source Amplifier,68.7135,30.0,-0.0012,270.6096,0.0147,5.91,33.40
81920,1264.5,4,Common-Source Amplifier,68.6822,30.0,0.0000,285.3624,0.0064,7.75,34.37
82048,1266.5,4,Common-Source Amplifier,68.6822,30.0,0.0000,287.8053,0.0066,7.75,34.37
82176,1268.4,4,Common-Source Amplifier,68.6822,30.0,-0.0000,276.2587,0.0086,7.75,34.37
82304,1270.3,4,Common-Source Amplifier,68.6822,30.0,0.0000,267.2200,0.0090,7.75,34.37
82432,1272.2,4,Common-Source Amplifier,68.6822,30.0,-0.0000,275.8379,0.0089,7.75,34.37
82560,1274.1,4,Common-Source Amplifier,68.6838,30.0,-0.0027,266.6660,0.0079,8.27,33.54
82688,1276.1,4,Common-Source Amplifier,68.6600,30.0,-0.0005,241.5650,0.0079,7.25,35.13
82816,1278.1,4,Common-Source Amplifier,68.6822,30.0,0.0000,279.1724,0.0071,7.75,34.37
82944,1279.9,4,Common-Source Amplifier,68.6822,30.0,-0.0000,258.9236,0.0110,7.75,34.37
83072,1281.9,4,Common-Source Amplifier,68.7262,30.0,-0.0107,245.1153,0.0471,8.79,32.70
83200,1283.9,4,Common-Source Amplifier,68.6822,30.0,0.0000,282.0667,0.0264,7.75,34.37
83328,1285.8,4,Common-Source Amplifier,68.9621,30.0,-0.0031,271.8708,0.0226,5.82,34.27
83456,1287.7,4,Common-Source Amplifier,68.8044,30.0,-0.0004,265.3100,0.0113,5.82,34.27
83584,1289.6,4,Common-Source Amplifier,68.6822,30.0,-0.0000,296.6452,0.0047,7.75,34.37
83712,1291.5,4,Common-Source Amplifier,68.6822,30.0,0.0000,274.8420,0.0061,7.75,34.37
83840,1293.4,4,Common-Source Amplifier,68.6822,30.0,0.0000,265.5522,0.0069,7.75,34.37
83968,1295.4,4,Common-Source Amplifier,68.6639,30.0,-0.0050,245.1365,0.0195,7.25,35.13
84096,1297.3,4,Common-Source Amplifier,68.7387,30.0,-0.0118,268.8716,0.0507,8.79,32.70
84224,1299.2,4,Common-Source Amplifier,68.6822,30.0,-0.0000,297.9771,0.0195,7.75,34.37
84352,1301.1,4,Common-Source Amplifier,68.6822,30.0,0.0000,273.9304,0.0313,7.75,34.37
84480,1303.1,4,Common-Source Amplifier,68.4721,30.0,0.0069,210.6212,0.0446,5.79,32.54
84608,1305.1,4,Common-Source Amplifier,65.0990,30.0,0.0015,226.7357,0.0495,2.05,34.04
84736,1307.0,4,Common-Source Amplifier,68.6822,30.0,-0.0000,291.9890,0.0121,7.75,34.37
84864,1309.0,4,Common-Source Amplifier,68.7167,30.0,-0.0264,226.8310,0.0678,8.79,32.70
84992,1310.8,4,Common-Source Amplifier,51.5701,30.0,0.0485,341.0340,0.2303,11.28,34.54
85120,1312.7,4,Common-Source Amplifier,68.8212,30.0,-0.0152,249.0250,0.0162,4.43,34.18
85248,1314.6,4,Common-Source Amplifier,68.6822,30.0,-0.0000,257.6999,0.0192,7.75,34.37
85376,1316.5,4,Common-Source Amplifier,68.6822,30.0,0.0000,267.1353,0.0175,7.75,34.37
85504,1318.4,4,Common-Source Amplifier,68.6822,30.0,-0.0000,264.8031,0.0207,7.75,34.37
85632,1320.2,4,Common-Source Amplifier,68.7246,30.0,-0.0000,255.0124,0.0217,8.27,33.54
85760,1322.1,4,Common-Source Amplifier,68.7826,30.0,0.0022,217.8445,0.0523,9.31,31.87
85888,1324.3,4,Common-Source Amplifier,68.8283,30.0,-0.0088,253.1665,0.0515,7.82,32.65
86016,1326.2,4,Common-Source Amplifier,68.1438,30.0,-0.0011,284.0266,0.0398,6.78,34.32
86144,1328.2,4,Common-Source Amplifier,66.6261,29.2,-0.0175,189.1585,0.1070,7.14,27.52
86272,1330.1,4,Common-Source Amplifier,68.7993,30.0,-0.0015,305.5599,0.0374,6.78,34.32
86400,1332.0,4,Common-Source Amplifier,68.6754,30.0,-0.0072,270.7222,0.0451,7.77,34.29
86528,1333.9,4,Common-Source Amplifier,68.7321,30.0,0.0166,255.7051,0.0269,7.30,33.48
86656,1335.9,4,Common-Source Amplifier,68.6822,30.0,-0.0000,269.1957,0.0138,7.75,34.37
86784,1337.8,4,Common-Source Amplifier,68.7708,30.0,-0.0078,236.6380,0.0754,6.29,35.08
86912,1339.7,4,Common-Source Amplifier,68.7387,30.0,-0.0285,256.0170,0.0501,9.31,31.87
87040,1341.6,4,Common-Source Amplifier,68.6822,30.0,-0.0000,331.9957,0.0296,7.75,34.37
87168,1343.6,4,Common-Source Amplifier,68.8044,30.0,0.0002,302.1916,0.0404,6.78,34.32
87296,1345.5,4,Common-Source Amplifier,68.6378,30.0,-0.0266,268.4587,0.0729,6.76,35.88
87424,1347.4,4,Common-Source Amplifier,68.7622,30.0,0.0129,324.7598,0.0317,8.79,32.70
87552,1349.3,4,Common-Source Amplifier,68.6822,30.0,0.0000,319.4107,0.0357,7.75,34.37
87680,1351.1,4,Common-Source Amplifier,68.6430,30.0,0.0105,245.9951,0.0503,7.25,35.13
87808,1353.1,4,Common-Source Amplifier,68.6663,30.0,0.0006,282.2538,0.0213,7.75,34.37
87936,1355.1,4,Common-Source Amplifier,68.6822,30.0,0.0000,272.5810,0.0160,7.75,34.37
88064,1357.0,4,Common-Source Amplifier,68.6979,30.0,-0.0020,258.1499,0.0221,7.75,34.37
88192,1358.9,4,Common-Source Amplifier,68.6916,30.0,-0.0051,283.4654,0.0203,8.79,32.70
88320,1360.8,4,Common-Source Amplifier,68.6705,30.0,-0.0008,249.6448,0.0129,7.25,35.13
88448,1362.7,4,Common-Source Amplifier,68.6822,30.0,-0.0000,272.4395,0.0063,7.75,34.37
88576,1364.6,4,Common-Source Amplifier,68.6822,30.0,0.0000,258.1158,0.0066,7.75,34.37
88704,1366.5,4,Common-Source Amplifier,68.6822,30.0,0.0000,276.9948,0.0066,7.75,34.37
88832,1368.5,4,Common-Source Amplifier,68.6822,30.0,0.0000,286.6763,0.0052,7.75,34.37
88960,1370.4,4,Common-Source Amplifier,68.6822,30.0,0.0000,282.7248,0.0055,7.75,34.37
89088,1372.2,4,Common-Source Amplifier,68.6822,30.0,0.0000,280.9546,0.0047,7.75,34.37
89216,1374.2,4,Common-Source Amplifier,68.6822,30.0,0.0000,258.8592,0.0075,7.75,34.37
89344,1376.1,4,Common-Source Amplifier,68.6822,30.0,-0.0000,267.0957,0.0076,7.75,34.37
89472,1378.0,4,Common-Source Amplifier,68.6822,30.0,0.0000,263.8935,0.0070,7.75,34.37
89600,1379.9,4,Common-Source Amplifier,68.6822,30.0,-0.0000,289.6755,0.0052,7.75,34.37
89728,1381.9,4,Common-Source Amplifier,68.6822,30.0,0.0000,283.9899,0.0056,7.75,34.37
89856,1383.8,4,Common-Source Amplifier,68.6822,30.0,-0.0000,283.1143,0.0048,7.75,34.37
89984,1385.8,4,Common-Source Amplifier,68.6822,30.0,0.0000,281.6888,0.0057,7.75,34.37
90112,1387.8,4,Common-Source Amplifier,68.6822,30.0,-0.0000,265.0111,0.0080,7.75,34.37
90240,1389.7,4,Common-Source Amplifier,68.6822,30.0,0.0000,265.9021,0.0073,7.75,34.37
90368,1391.6,4,Common-Source Amplifier,68.6822,30.0,0.0000,266.2665,0.0085,7.75,34.37
90496,1393.6,4,Common-Source Amplifier,68.6796,30.0,-0.0009,263.1345,0.0076,7.75,34.37
90624,1395.6,4,Common-Source Amplifier,68.6822,30.0,-0.0000,264.3225,0.0051,7.75,34.37
90752,1397.4,4,Common-Source Amplifier,68.7742,30.0,0.0003,253.5646,0.0130,7.30,33.48
90880,1399.4,4,Common-Source Amplifier,68.6822,30.0,0.0000,268.6584,0.0115,7.75,34.37
91008,1401.2,4,Common-Source Amplifier,68.6482,30.0,0.0038,241.7718,0.0214,7.25,35.13
91136,1403.2,4,Common-Source Amplifier,68.6854,30.0,-0.0026,265.4358,0.0255,7.75,34.37
91264,1405.2,4,Common-Source Amplifier,68.6901,30.0,-0.0087,275.5498,0.0266,8.79,32.70
91392,1407.1,4,Common-Source Amplifier,68.6469,30.0,0.0169,274.2128,0.0501,6.76,35.88
91520,1409.0,4,Common-Source Amplifier,68.6393,30.0,-0.0030,254.9828,0.0685,6.76,35.88
91648,1410.9,4,Common-Source Amplifier,68.6919,30.0,0.0004,249.0170,0.1370,8.27,33.54
91776,1412.8,4,Common-Source Amplifier,68.6860,30.0,0.0085,226.0751,0.1170,3.87,38.72
91904,1414.8,4,Common-Source Amplifier,68.6469,30.0,0.0016,347.3734,0.0224,6.76,35.88
92032,1416.7,4,Common-Source Amplifier,68.6809,30.0,-0.0013,323.9523,0.0105,7.25,35.13
92160,1418.6,4,Common-Source Amplifier,68.6963,30.0,-0.0024,311.4096,0.0118,8.27,33.54
92288,1420.5,4,Common-Source Amplifier,68.6600,30.0,-0.0002,261.0427,0.0214,7.25,35.13
92416,1422.4,4,Common-Source Amplifier,68.6822,30.0,0.0000,275.8017,0.0142,7.75,34.37
92544,1424.3,4,Common-Source Amplifier,68.6822,30.0,-0.0017,287.2300,0.0149,7.75,34.37
92672,1426.3,4,Common-Source Amplifier,68.6718,30.0,-0.0006,271.4674,0.0150,7.75,34.37
92800,1428.2,4,Common-Source Amplifier,68.6282,30.0,-0.0023,203.0457,0.0259,6.29,36.57
92928,1430.0,4,Common-Source Amplifier,68.6822,30.0,0.0000,284.2357,0.0072,7.75,34.37
93056,1432.0,4,Common-Source Amplifier,68.6822,30.0,0.0000,288.6807,0.0069,7.75,34.37
93184,1433.9,4,Common-Source Amplifier,68.6822,30.0,0.0000,268.6563,0.0085,7.75,34.37
93312,1435.9,4,Common-Source Amplifier,68.6822,30.0,-0.0000,267.8913,0.0088,7.75,34.37
93440,1437.9,4,Common-Source Amplifier,68.7277,30.0,-0.0013,294.8007,0.0111,8.27,33.54
93568,1439.7,4,Common-Source Amplifier,68.6822,30.0,0.0000,260.5414,0.0171,7.75,34.37
93696,1441.6,4,Common-Source Amplifier,68.7105,30.0,-0.0096,256.6272,0.0645,8.27,33.54
93824,1443.5,4,Common-Source Amplifier,68.7819,30.0,-0.0005,256.7581,0.0433,6.29,35.08
93952,1445.5,4,Common-Source Amplifier,68.7500,30.0,-0.0244,201.9245,0.0779,5.32,35.02
94080,1447.4,4,Common-Source Amplifier,68.7029,30.0,-0.0073,294.8655,0.0689,8.27,33.54
94208,1449.3,4,Common-Source Amplifier,69.0790,30.0,-0.0006,227.6613,0.0528,4.85,34.21
94336,1451.2,4,Common-Source Amplifier,68.7802,30.0,-0.0019,244.2355,0.0515,5.79,35.83
94464,1453.2,4,Common-Source Amplifier,68.7777,30.0,-0.0067,274.7095,0.0572,5.37,33.38
94592,1455.1,4,Common-Source Amplifier,68.8807,30.0,-0.0012,225.4047,0.0871,5.32,35.02
94720,1457.0,4,Common-Source Amplifier,69.1593,30.0,-0.0046,145.2026,0.0907,3.17,32.38
94848,1459.0,4,Common-Source Amplifier,68.6822,30.0,-0.0000,314.9671,0.0387,7.75,34.37
94976,1460.8,4,Common-Source Amplifier,68.6587,30.0,0.0008,271.0618,0.0350,7.25,35.13
95104,1462.7,4,Common-Source Amplifier,68.6822,30.0,-0.0000,282.5833,0.0149,7.75,34.37
95232,1464.6,4,Common-Source Amplifier,68.6587,30.0,-0.0048,239.5680,0.0360,7.25,35.13
95360,1466.6,4,Common-Source Amplifier,68.7011,30.0,-0.0103,279.2487,0.0524,8.79,32.70
95488,1468.5,4,Common-Source Amplifier,68.9982,30.0,-0.0073,172.8347,0.0857,3.87,35.73
95616,1470.4,4,Common-Source Amplifier,68.6822,30.0,0.0000,341.3257,0.0238,7.75,34.37
95744,1472.3,4,Common-Source Amplifier,68.6822,30.0,-0.0000,297.3518,0.0446,7.75,34.37
95872,1474.2,4,Common-Source Amplifier,68.7071,30.0,-0.0137,287.3733,0.0897,9.31,31.87
96000,1476.2,4,Common-Source Amplifier,68.8660,30.0,-0.0425,164.6883,0.0907,3.48,34.92
96128,1478.1,4,Common-Source Amplifier,68.6600,30.0,-0.0078,296.9936,0.0665,7.25,35.13
96256,1480.0,4,Common-Source Amplifier,68.6901,30.0,-0.0009,318.9295,0.0366,8.27,33.54
96384,1481.9,4,Common-Source Amplifier,68.6796,30.0,0.0011,300.1232,0.0491,7.75,34.37
96512,1483.9,4,Common-Source Amplifier,68.6535,30.0,-0.0076,254.3753,0.1014,7.25,35.13
96640,1485.7,4,Common-Source Amplifier,68.7633,30.0,0.0049,246.0289,0.1297,6.29,35.08
96768,1487.8,4,Common-Source Amplifier,68.6822,30.0,0.0051,265.2643,0.1185,7.75,34.37
96896,1489.6,4,Common-Source Amplifier,68.8203,30.0,0.0240,317.9140,0.1009,9.31,31.87
97024,1491.6,4,Common-Source Amplifier,68.6738,30.0,-0.0059,318.9656,0.1104,8.27,33.54
97152,1493.5,4,Common-Source Amplifier,68.6544,30.0,0.0022,280.5622,0.1656,7.25,35.13
97280,1495.4,4,Common-Source Amplifier,68.2355,30.0,0.0455,212.3029,0.1796,7.40,31.67
97408,1497.4,4,Common-Source Amplifier,68.6906,30.0,-0.0023,287.0506,0.0911,7.75,34.37
97536,1499.3,4,Common-Source Amplifier,68.7253,30.0,0.0480,258.9083,0.1479,6.81,34.24
97664,1501.2,4,Common-Source Amplifier,68.7434,30.0,0.0154,271.4156,0.0791,8.30,33.46
97792,1503.2,4,Common-Source Amplifier,68.6833,30.0,-0.0048,274.1964,0.1050,7.25,35.13
97920,1505.2,4,Common-Source Amplifier,68.6997,30.0,0.0210,273.4616,0.1176,7.77,34.29
98048,1507.1,4,Common-Source Amplifier,68.6992,30.0,-0.0008,268.8835,0.1049,7.75,34.37
98176,1509.0,4,Common-Source Amplifier,68.6495,30.0,0.0033,289.4746,0.1167,6.76,35.88
98304,1511.0,4,Common-Source Amplifier,68.6010,30.0,0.0286,228.7868,0.1081,7.25,35.13
98432,1512.8,4,Common-Source Amplifier,68.7701,30.0,0.0054,323.7775,0.0242,8.79,32.70
98560,1514.8,4,Common-Source Amplifier,68.6746,30.0,-0.0073,276.7892,0.0508,7.25,35.13
98688,1516.7,4,Common-Source Amplifier,68.7243,30.0,0.0038,277.7491,0.0390,8.30,33.46
98816,1518.6,4,Common-Source Amplifier,68.6856,30.0,0.0012,240.9759,0.0206,7.77,34.29
98944,1520.5,4,Common-Source Amplifier,68.6822,30.0,-0.0000,262.6176,0.0117,7.75,34.37
99072,1522.5,4,Common-Source Amplifier,68.6822,30.0,-0.0000,266.4590,0.0109,7.75,34.37
99200,1524.3,4,Common-Source Amplifier,68.6561,30.0,-0.0008,244.2904,0.0208,7.25,35.13
99328,1526.3,4,Common-Source Amplifier,68.7638,30.0,0.0038,251.2277,0.0163,9.31,31.87
99456,1528.3,4,Common-Source Amplifier,68.6796,30.0,0.0051,323.7935,0.0081,7.25,35.13
99584,1530.2,4,Common-Source Amplifier,68.6822,30.0,-0.0000,292.3370,0.0053,7.75,34.37
99712,1532.1,4,Common-Source Amplifier,68.6809,30.0,-0.0009,281.5862,0.0046,7.25,35.13
99840,1534.0,4,Common-Source Amplifier,68.6822,30.0,-0.0000,272.5777,0.0037,7.75,34.37
99968,1535.9,4,Common-Source Amplifier,68.6822,30.0,0.0000,274.4644,0.0037,7.75,34.37
100096,1537.9,4,Common-Source Amplifier,68.6822,30.0,0.0000,274.4289,0.0041,7.75,34.37
